CustomerID,FullName,Phone,Email,Gender,DateRegistered
CUST1000,Fowler Angel,2348046913810,jeffreydoyle@hotmail.com,Male,2024-10-09
CUST1001,Blake Erik,2348055667651,joshua35@gmail.com,Male,2022-11-06
CUST1002,Ray Janet,2348016150444,kendragalloway@delacruz.com,Female,2024-05-19
CUST1003,Cameron Kimberly,2348053524491,trujillorichard@clark.com,Male,2023-05-11
CUST1004,Ross Jeffrey,2348063606628,ddavis@hernandez.biz,Male,2024-12-27
CUST1005,Moore Aaron,2348055657579,williamrodriguez@hotmail.com,Female,2023-09-21
CUST1006,Hickman Natasha,2348051273847,brianhumphrey@gmail.com,Male,2022-10-26
CUST1007,Kim Zachary,2348097225156,jeffreymorgan@spencer.com,Female,2023-06-05
CUST1008,Davis Ryan,2348047376585,uowens@gmail.com,Male,2025-04-26
CUST1009,Baxter Charles,2348055540424,pearsonamber@novak.com,Male,2024-03-07
CUST1010,Moore Kenneth,2348038688676,adkinsbrian@woods.com,Male,2024-08-11
CUST1011,Stewart Jose,2348017634247,josephanderson@hotmail.com,Male,2023-09-24
CUST1012,Wood Eric,2348027566185,contrerasangela@hotmail.com,Female,2022-11-22
CUST1013,Calderon Bradley,2348097775215,danagreen@hotmail.com,Male,2024-05-01
CUST1014,Gomez Anita,2348010475894,sarayoung@gmail.com,Male,2023-03-17
CUST1015,Garrison Jeffrey,2348038195995,kevin33@gmail.com,Male,2025-04-05
CUST1016,Johnson Candace,2348039854548,samuel81@yahoo.com,Female,2024-11-26
CUST1017,Terry Angela,2348015134794,yortega@adkins.biz,Female,2024-10-13
CUST1018,Robertson Cynthia,2348026726926,cardenaskaren@hotmail.com,Female,2023-10-10
CUST1019,Douglas Adam,2348087844239,zrobinson@holmes.com,Female,2024-05-24
CUST1020,Cole Karen,2348073771720,rsims@yahoo.com,Male,2022-10-13
CUST1021,Clark Robert,2348072363359,wwoods@molina-castaneda.biz,Female,2024-09-28
CUST1022,Meadows Brittany,2348052910691,dayderek@white-green.com,Male,2023-05-09
CUST1023,Jones Susan,2348010791358,herringjames@howell.com,Female,2024-06-19
CUST1024,Johnston Rebecca,2348062884503,mdavid@gmail.com,Male,2024-12-20
CUST1025,Hunter Matthew,2348056970882,xgarcia@hotmail.com,Male,2024-05-29
CUST1026,Sanchez Steven,2348087669750,anthony52@yahoo.com,Female,2023-05-10
CUST1027,Brewer Travis,2348066379329,phillipsrichard@torres.com,Male,2024-06-19
CUST1028,Herrera Kathleen,2348099682738,javierwashington@lawrence.com,Female,2023-04-12
CUST1029,Alexander Jack,2348073900135,shelley71@morales.org,Female,2025-02-16
CUST1030,James Rebekah,2348026194158,ntorres@gmail.com,Female,2025-01-17
CUST1031,Hall Jasmine,2348084270583,mcdanielsandra@hotmail.com,Male,2024-12-17
CUST1032,Torres Richard,2348021432787,mkim@gmail.com,Male,2024-04-16
CUST1033,White Brenda,2348084087145,harrisonricky@yahoo.com,Male,2025-04-21
CUST1034,Cordova Richard,2348019584466,mgutierrez@cox.com,Male,2023-04-27
CUST1035,Davis Victoria,2348087201917,pvalentine@jimenez.com,Male,2024-08-13
CUST1036,Morgan Kristin,2348076500726,campbellkenneth@hotmail.com,Female,2024-12-01
CUST1037,Williams Julie,2348069329732,ymcneil@hotmail.com,Male,2023-02-06
CUST1038,Santos Melissa,2348049172995,courtney78@gmail.com,Female,2025-01-29
CUST1039,Brooks Dustin,2348075718414,georgemiller@yahoo.com,Female,2025-02-01
CUST1040,Reed Briana,2348014968688,stephen43@yahoo.com,Female,2024-07-04
CUST1041,Parsons Jerry,2348014818295,danaoliver@hotmail.com,Male,2025-04-04
CUST1042,Ryan Teresa,2348085957578,jonathansummers@yahoo.com,Male,2023-09-16
CUST1043,Martinez Miguel,2348088862539,xcarson@gmail.com,Female,2025-04-28
CUST1044,Shah Kevin,2348040885967,davispaige@gmail.com,Female,2024-02-08
CUST1045,Robinson Sean,2348065767881,cory58@howard.com,Male,2024-05-21
CUST1046,Murphy Dylan,2348062958901,michele22@king.com,Female,2023-01-05
CUST1047,Strickland William,2348016086345,ngordon@acosta.net,Female,2023-09-26
CUST1048,Jones Joshua,2348041690501,hvang@yahoo.com,Male,2024-05-19
CUST1049,Brooks Elijah,2348019208698,davischristopher@yahoo.com,Male,2022-11-12
CUST1050,Romero Eric,2348033386929,melaniebell@hotmail.com,Male,2024-01-06
CUST1051,Parker Matthew,2348024490391,mollyknight@jones-figueroa.com,Female,2022-11-04
CUST1052,Williamson Emily,2348070606674,fstanley@hotmail.com,Female,2024-05-01
CUST1053,Walker Tracey,2348088714010,harrissierra@duran.com,Female,2022-12-18
CUST1054,Morse Michelle,2348040354559,amckinney@yahoo.com,Male,2022-12-10
CUST1055,Reese Jeffrey,2348060491958,dixondaniel@lee.com,Female,2023-06-17
CUST1056,Lin Courtney,2348046663833,cjones@turner.net,Male,2022-10-08
CUST1057,Spencer Latoya,2348011037490,kstout@lopez.com,Female,2024-05-14
CUST1058,Shelton Brian,2348095918360,riveraangela@yahoo.com,Female,2023-08-30
CUST1059,Schneider Mark,2348020251466,lucasrodney@smith-parker.com,Male,2023-11-27
CUST1060,Bennett Francis,2348070251043,xwilliams@ball.info,Female,2023-06-13
CUST1061,Burch Lisa,2348096525668,brett75@villa.com,Female,2023-08-31
CUST1062,Vang Nicholas,2348068978194,sarah52@johnson.com,Male,2024-06-12
CUST1063,Young David,2348099068509,nfowler@brown-copeland.info,Female,2024-12-28
CUST1064,Hartman William,2348038748452,cmarks@hughes.com,Female,2022-09-27
CUST1065,Brown Kimberly,2348058895439,carterbradley@gmail.com,Female,2022-08-19
CUST1066,Richardson Pamela,2348059823245,lmorgan@yahoo.com,Male,2025-05-25
CUST1067,Guerrero Kirk,2348060319927,hannahbell@gmail.com,Male,2023-12-14
CUST1068,Osborne Michael,2348091722503,jacobserika@yahoo.com,Female,2024-01-13
CUST1069,Mcintyre David,2348057354167,nlewis@yahoo.com,Female,2025-05-28
CUST1070,Vance Melissa,2348054629892,william13@young.com,Male,2023-12-27
CUST1071,Owens Zachary,2348063448727,katrinaanderson@bartlett.com,Female,2023-09-30
CUST1072,Ferguson Wayne,2348021087928,georgeweber@morgan.com,Male,2022-10-19
CUST1073,Barker Eric,2348095828117,vmarshall@hotmail.com,Male,2023-01-24
CUST1074,Adams John,2348087030477,robertspatrick@barnes.com,Female,2024-11-28
CUST1075,Aguilar Brandon,2348070672142,pharper@hotmail.com,Female,2024-06-15
CUST1076,Gordon Kathy,2348084359498,andersoncolin@yahoo.com,Female,2023-11-23
CUST1077,Taylor Sarah,2348027224779,phillipjensen@yahoo.com,Male,2024-12-23
CUST1078,Carlson Joseph,2348081602209,silvageorge@griffith.com,Male,2022-08-03
CUST1079,Stone Ann,2348094176528,ledwards@yahoo.com,Female,2024-09-20
CUST1080,Bush Hannah,2348059733063,timothy84@yahoo.com,Male,2022-12-21
CUST1081,Burgess Jason,2348051411602,derrick99@gmail.com,Male,2023-06-26
CUST1082,Woods James,2348016072331,justin01@hotmail.com,Male,2024-11-22
CUST1083,Morrison Sarah,2348029363237,shawn88@yahoo.com,Female,2023-01-09
CUST1084,Wilcox Zachary,2348078412668,lcaldwell@woods.com,Female,2023-07-25
CUST1085,Marshall Erik,2348093179531,fowlershelia@yahoo.com,Male,2025-01-24
CUST1086,Fox Allison,2348074205866,starkdaniel@hotmail.com,Female,2024-08-08
CUST1087,Palmer Stephen,2348056815569,tchambers@johnson.com,Female,2024-11-29
CUST1088,Vega Dorothy,2348085432781,david86@anderson.com,Male,2023-09-21
CUST1089,Allen Carlos,2348097313825,tharper@sanchez.biz,Female,2024-04-26
CUST1090,Gutierrez Joshua,2348090904160,dpeters@david-powers.net,Female,2023-10-23
CUST1091,Anderson John,2348035925669,deborah75@nichols.com,Female,2023-08-06
CUST1092,Burgess Karen,2348086890296,randyallen@rowe-james.net,Female,2025-03-18
CUST1093,Hart Jeffrey,2348065813853,greensarah@cortez.com,Female,2024-01-26
CUST1094,Freeman Sabrina,2348022205980,combscharles@williams.com,Female,2022-09-28
CUST1095,Arnold Alexander,2348019263592,andre62@gmail.com,Male,2022-11-11
CUST1096,Evans Maria,2348050045602,davisnicholas@alvarez.com,Female,2024-07-30
CUST1097,Mcfarland Leonard,2348016533225,karenmarquez@hickman-evans.org,Male,2023-06-23
CUST1098,Hall Charles,2348033505978,anthony47@yahoo.com,Female,2023-06-04
CUST1099,Singh Levi,2348084797762,smithkyle@juarez-garcia.com,Male,2023-04-02
CUST1100,Armstrong Gavin,2348074343201,dominicturner@yahoo.com,Female,2023-01-27
CUST1101,Rodriguez Kevin,2348023234972,meagan65@yahoo.com,Female,2023-11-16
CUST1102,Nguyen Juan,2348055307111,daniel93@hotmail.com,Female,2024-10-09
CUST1103,Allen Donna,2348039356057,mjones@yahoo.com,Female,2024-12-05
CUST1104,Sandoval Michael,2348042342289,vrasmussen@rodriguez-garcia.com,Female,2024-08-16
CUST1105,Wilson Shelia,2348021097943,larry73@webb.info,Female,2023-10-23
CUST1106,Sandoval Randall,2348063458386,yvargas@bush.com,Female,2025-06-12
CUST1107,Bailey Megan,2348089941241,samantha91@anderson.com,Female,2024-01-15
CUST1108,Edwards Shannon,2348095080736,stephanie72@ochoa.net,Female,2025-03-25
CUST1109,Jackson Stephen,2348090117857,armstrongjoseph@hotmail.com,Female,2024-01-05
CUST1110,Atkins Christopher,2348066519399,jasonrojas@bell.com,Female,2025-01-27
CUST1111,Taylor Karen,2348053038948,riddlemichelle@gmail.com,Male,2025-06-08
CUST1112,Freeman Brandi,2348038138531,sreid@horn-flynn.biz,Female,2023-05-19
CUST1113,Bowers Steve,2348082062301,scottsmith@harris-barker.com,Male,2025-03-20
CUST1114,Woods David,2348072151291,ssmith@montoya-mcneil.biz,Male,2025-05-28
CUST1115,Martin Michael,2348050300763,samanthajensen@heath-miller.com,Male,2023-01-18
CUST1116,Mitchell Shelly,2348036484437,jamie98@adkins.com,Female,2023-06-21
CUST1117,Lewis Sandra,2348062686364,courtney86@yahoo.com,Male,2025-06-09
CUST1118,Becker Carl,2348090050918,brianmiller@yahoo.com,Female,2022-12-12
CUST1119,Norman Joseph,2348061532114,rogersruben@brown.com,Female,2024-07-24
CUST1120,Mora Harold,2348086868379,pwalker@moon-flores.com,Female,2024-11-18
CUST1121,Wood Kelly,2348057060874,stevenvargas@yahoo.com,Female,2023-04-14
CUST1122,Moreno John,2348047221734,kaufmandouglas@yahoo.com,Male,2022-11-06
CUST1123,Bradley Ryan,2348010331931,kellyrosales@haynes-moss.com,Female,2024-05-18
CUST1124,Davis Lindsey,2348012185246,lewismelissa@gmail.com,Male,2022-11-03
CUST1125,Martinez Bryan,2348022240547,jamesmorales@mccoy.com,Male,2022-10-09
CUST1126,Hamilton Jennifer,2348059333294,reyesronald@yahoo.com,Male,2023-05-14
CUST1127,Day Laura,2348061543890,mayokimberly@castillo-harrington.com,Female,2024-11-09
CUST1128,Key Terri,2348025132198,dianeadams@brown.biz,Female,2023-12-18
CUST1129,Keith Travis,2348077996124,tracydavis@gmail.com,Female,2025-01-04
CUST1130,Willis Matthew,2348042029368,theresaoconnor@yahoo.com,Male,2025-03-04
CUST1131,Rush Stacy,2348046072958,whitelucas@hotmail.com,Male,2023-05-24
CUST1132,Griffin Joseph,2348078293320,bellkristin@smith.com,Male,2024-03-19
CUST1133,Peterson Pamela,2348060037465,paynerachael@morgan.info,Male,2025-06-13
CUST1134,Evans Cody,2348076217748,xhernandez@gmail.com,Male,2024-04-09
CUST1135,Ruiz Patricia,2348047557512,maypaul@yahoo.com,Male,2024-01-28
CUST1136,Morton Robert,2348062741214,randallloretta@sheppard-mcdaniel.info,Female,2024-11-20
CUST1137,Graham Wendy,2348026094525,luis11@hawkins-arnold.com,Male,2024-08-30
CUST1138,Floyd Mikayla,2348028762704,pbaker@yahoo.com,Male,2024-11-19
CUST1139,Garrison Gail,2348032547129,kevinmanning@adams-butler.com,Female,2023-04-02
CUST1140,Suarez Anthony,2348061407440,marywright@williams-ward.com,Female,2023-08-14
CUST1141,Curry Haley,2348073308406,hughesfrank@hotmail.com,Female,2023-05-13
CUST1142,Owen Jeffrey,2348086188876,rodney65@yahoo.com,Male,2023-07-11
CUST1143,Cohen Timothy,2348033818260,danielle44@hotmail.com,Male,2025-03-23
CUST1144,Aguilar Wanda,2348052585056,jessica38@glover.net,Female,2023-09-24
CUST1145,Fisher Olivia,2348028876833,brenda71@yahoo.com,Male,2022-09-06
CUST1146,Cooper Vanessa,2348066324902,lesliebaldwin@gmail.com,Female,2024-07-11
CUST1147,Powell Tammy,2348020066654,johnsonjames@yahoo.com,Male,2022-07-06
CUST1148,Evans Kelly,2348022873617,ibarron@yahoo.com,Female,2024-07-15
CUST1149,Richardson Debra,2348051386492,qmcdowell@dean.com,Female,2025-03-26
CUST1150,Stanley Elaine,2348099586100,robertroach@hotmail.com,Male,2025-01-29
CUST1151,Watts Timothy,2348086703472,smithchristopher@conley.info,Male,2023-02-01
CUST1152,Davis Katherine,2348063332084,christianelizabeth@murphy.org,Female,2023-08-05
CUST1153,Barber Tina,2348097884113,perrybrittany@gregory.com,Female,2025-01-19
CUST1154,Marks April,2348023182514,pstanley@reed-rhodes.biz,Male,2023-01-31
CUST1155,Hunter Andrea,2348028206610,fmontoya@yahoo.com,Male,2024-05-05
CUST1156,Petersen Latoya,2348073697356,diamondbryant@yahoo.com,Female,2023-12-31
CUST1157,Peterson Maria,2348096888739,jacqueline02@yahoo.com,Male,2023-01-19
CUST1158,Perry Sara,2348047940248,lellis@taylor.com,Male,2024-10-21
CUST1159,Farmer Joshua,2348066178935,shawn22@yahoo.com,Female,2025-01-05
CUST1160,Benson Marcus,2348055047826,anna99@mckinney.net,Male,2023-09-02
CUST1161,Johnson Lisa,2348036883353,juliahoffman@dixon.com,Female,2025-05-26
CUST1162,Rodgers James,2348092474074,shane12@moss.biz,Female,2022-08-17
CUST1163,Randolph Christina,2348077556678,jtyler@yahoo.com,Female,2022-10-06
CUST1164,Clements Christine,2348077730769,wilsonmichael@gmail.com,Male,2025-03-08
CUST1165,Short Nicholas,2348094598956,pwilliams@gmail.com,Female,2023-10-25
CUST1166,Jones Gina,2348058039455,clove@jones.com,Female,2024-10-28
CUST1167,May Christine,2348041025808,howardwesley@buchanan-turner.com,Female,2023-08-26
CUST1168,Spencer Angela,2348093457527,smithcandice@kelley.com,Male,2023-05-09
CUST1169,Roberts Carlos,2348089289163,jessicafreeman@howard-lambert.com,Female,2022-11-17
CUST1170,Benjamin Gary,2348092978636,kristenjoseph@hotmail.com,Female,2024-04-22
CUST1171,Wilkinson Michele,2348039891163,josemercado@luna.net,Female,2025-02-20
CUST1172,Davis Michael,2348095568918,melaniedrake@sutton.com,Male,2023-03-20
CUST1173,Holmes Lacey,2348024270328,chardin@gmail.com,Male,2025-03-18
CUST1174,Black Nicholas,2348089096676,wgomez@sparks-eaton.com,Male,2024-08-02
CUST1175,Cortez Timothy,2348091737749,kclark@hotmail.com,Female,2024-03-14
CUST1176,Ball Dorothy,2348095480242,robinsoncatherine@yahoo.com,Male,2024-07-02
CUST1177,Serrano Catherine,2348031600382,mvalenzuela@rich.net,Female,2022-12-14
CUST1178,Coleman Jonathan,2348011740164,campbellnancy@scott-smith.com,Male,2024-11-28
CUST1179,Fischer Robert,2348047461811,mitchellpeters@yahoo.com,Female,2023-10-04
CUST1180,Brock Madeline,2348039522801,qdavis@gmail.com,Male,2024-01-12
CUST1181,Galvan April,2348042258945,bowerswilliam@hall.com,Male,2025-03-28
CUST1182,Barber Angie,2348094145533,sylvia43@hotmail.com,Male,2023-04-13
CUST1183,Church Anna,2348019454577,susan77@atkins.biz,Male,2025-02-23
CUST1184,Nunez Lori,2348021610534,thomasgomez@adams.com,Female,2024-07-29
CUST1185,Lowe Elizabeth,2348086868988,charlesnathan@vasquez-galloway.org,Female,2023-08-15
CUST1186,Stevens Hannah,2348071909967,nicolasgarcia@salazar-green.net,Male,2023-07-28
CUST1187,Duncan Tiffany,2348051027069,lelinda@reynolds.com,Male,2024-06-18
CUST1188,Cervantes Thomas,2348075360192,qgarner@ward-grant.com,Male,2023-12-01
CUST1189,Frye Miranda,2348097766064,kwelch@yahoo.com,Female,2022-10-03
CUST1190,White Andrew,2348039369404,shelby13@sanders.com,Male,2024-06-19
CUST1191,Johnson Elizabeth,2348033333727,imcdonald@yahoo.com,Female,2024-10-14
CUST1192,Diaz Jordan,2348030164926,smithlisa@gmail.com,Male,2023-12-01
CUST1193,Lopez Nicole,2348086808685,twright@hotmail.com,Male,2025-03-14
CUST1194,Gutierrez Melissa,2348032511225,keithwalsh@chavez.com,Female,2022-07-15
CUST1195,Bolton Steven,2348022507745,christopher20@rowe-jones.info,Male,2023-03-24
CUST1196,Kennedy Erin,2348074040812,eric08@hotmail.com,Male,2022-12-21
CUST1197,Perkins Hannah,2348045071480,kelli32@davis-montgomery.com,Female,2022-09-15
CUST1198,King Benjamin,2348031715773,amy73@hotmail.com,Male,2023-03-31
CUST1199,Parsons John,2348015067435,rlee@cannon-moore.com,Female,2023-10-29
CUST1200,Barrett Alicia,2348021655844,diazcatherine@gmail.com,Female,2022-07-05
CUST1201,Navarro Mary,2348064218119,susandavis@hall.com,Male,2024-11-16
CUST1202,Pierce William,2348071836850,umahoney@frey.biz,Male,2023-10-30
CUST1203,Holder Kevin,2348073962190,jasonedwards@hotmail.com,Female,2023-08-17
CUST1204,Carroll Jeff,2348010889014,laura27@warner.com,Male,2022-08-12
CUST1205,Warren Luis,2348026155543,wayne32@nunez.info,Female,2024-12-25
CUST1206,Shaw Kim,2348059970552,timothygonzalez@pearson-gonzalez.org,Female,2024-09-06
CUST1207,Johnson Kevin,2348094644676,chanson@gmail.com,Female,2023-06-12
CUST1208,Rivera Jody,2348056189726,amychristensen@webb.com,Female,2024-01-21
CUST1209,Ward Daniel,2348066615250,yhall@hotmail.com,Female,2022-11-16
CUST1210,Smith Gabrielle,2348098855162,joel84@gmail.com,Male,2025-02-11
CUST1211,Simmons Larry,2348069479985,ndaniels@hotmail.com,Male,2023-01-16
CUST1212,Patel Jennifer,2348056596140,mary20@beard-gutierrez.biz,Male,2023-09-29
CUST1213,Salazar Caitlyn,2348049315407,howardhailey@anderson-mathis.info,Male,2025-03-20
CUST1214,Camacho Tracy,2348046489118,bclay@yahoo.com,Female,2022-08-18
CUST1215,Grant Zachary,2348046130759,kellysanders@ayala-mitchell.com,Female,2024-04-01
CUST1216,Hayes Harold,2348082905989,udavis@wong.com,Male,2022-11-03
CUST1217,White Jennifer,2348083763371,kyle74@hotmail.com,Male,2023-03-22
CUST1218,Keller Shawn,2348073789750,burkeadam@hotmail.com,Male,2023-08-21
CUST1219,Butler Gregory,2348035899364,tammycurry@yahoo.com,Female,2022-08-09
CUST1220,Hill Alison,2348070315326,cherylrodriguez@krause.org,Female,2023-09-04
CUST1221,Hall Kelly,2348076779917,wilsonsteven@mclaughlin.org,Male,2024-03-20
CUST1222,Peterson Jennifer,2348089228847,jamesbass@mendoza.com,Male,2024-07-01
CUST1223,Stewart Amanda,2348015456373,lauren51@ramirez.com,Female,2024-01-18
CUST1224,Wiley Nathan,2348032388767,aliciathompson@yahoo.com,Female,2022-08-12
CUST1225,Black Victoria,2348044103265,stevensjennifer@wilson.org,Female,2022-10-28
CUST1226,Flores Scott,2348086593789,edward41@mullen.net,Male,2022-11-21
CUST1227,Rodriguez Brian,2348087340611,mwhite@hotmail.com,Female,2025-02-16
CUST1228,Collins Deanna,2348030076290,ohall@gmail.com,Male,2025-01-28
CUST1229,Campbell Michael,2348021419108,sullivanjennifer@nguyen.com,Female,2023-09-27
CUST1230,Thompson Elizabeth,2348053048774,vargassteven@hotmail.com,Male,2022-11-13
CUST1231,Sherman Donna,2348024935479,peter97@gmail.com,Female,2023-04-30
CUST1232,Phelps Bryan,2348017124981,warnerlori@rodriguez-campbell.com,Male,2023-06-15
CUST1233,Cruz Sandra,2348043204410,keithsalas@gmail.com,Female,2023-01-09
CUST1234,Munoz Ronald,2348098171888,jhicks@cruz-perez.biz,Male,2025-01-09
CUST1235,Wilson Timothy,2348080303981,jessicafox@marshall-miller.org,Female,2022-10-30
CUST1236,Roberts Austin,2348024330619,bryan79@gmail.com,Male,2024-11-20
CUST1237,Smith Daniel,2348075960711,donnawood@green.com,Male,2024-07-07
CUST1238,Lane Meagan,2348091594977,karla10@marshall.com,Female,2024-06-23
CUST1239,Nixon Felicia,2348063424009,hardindana@bishop-pearson.com,Female,2023-11-17
CUST1240,Edwards Alex,2348089230801,smithconnor@jennings.com,Female,2023-08-29
CUST1241,Dominguez Jon,2348098520663,fowlersandra@yahoo.com,Male,2024-04-08
CUST1242,Thompson Chad,2348076231992,fwhite@thomas.com,Male,2025-01-23
CUST1243,Ortega Joseph,2348090971604,gandrews@hotmail.com,Female,2024-07-16
CUST1244,Diaz Melissa,2348049303341,randallkathleen@yahoo.com,Male,2025-03-17
CUST1245,Allen Paul,2348057493391,zferguson@yahoo.com,Female,2022-07-10
CUST1246,Thomas Desiree,2348038499515,sanchezdeborah@gmail.com,Male,2023-03-09
CUST1247,Harris Matthew,2348096657974,david98@gmail.com,Female,2023-10-27
CUST1248,Moody Crystal,2348047642707,alexistucker@gmail.com,Female,2022-06-26
CUST1249,Cole John,2348050618137,carlsonjennifer@clements.com,Female,2024-03-26
CUST1250,Jennings Tanya,2348062021209,qthompson@gmail.com,Male,2022-09-06
CUST1251,Wilson Patty,2348025790828,robert53@gmail.com,Male,2023-11-03
CUST1252,Brooks Stephen,2348027458237,theresa35@johnson.com,Female,2023-08-24
CUST1253,Vincent Tracy,2348051660066,rhood@blair.com,Female,2023-07-04
CUST1254,Allen Angela,2348047883942,idodson@phillips-holland.com,Male,2022-07-09
CUST1255,Schmidt Kenneth,2348037949250,kristinmiller@yahoo.com,Female,2022-09-08
CUST1256,Fernandez Deborah,2348090048179,lukehurst@frazier.com,Female,2024-05-17
CUST1257,Hurst Keith,2348050876026,martindaniel@crawford.net,Female,2025-02-13
CUST1258,Rios Kristin,2348089210454,kellis@gmail.com,Female,2023-10-04
CUST1259,Franco Heather,2348097025331,johnwilliams@andrews-alexander.com,Male,2023-03-28
CUST1260,Mack Stacie,2348067011913,adamrodgers@hotmail.com,Male,2023-11-11
CUST1261,Griffin Christopher,2348080243759,brandywalker@gonzalez-miller.info,Male,2025-05-01
CUST1262,Cooper Kyle,2348090213415,lewispamela@hotmail.com,Female,2024-03-21
CUST1263,Fox Matthew,2348024971907,smithdanielle@yahoo.com,Male,2024-03-19
CUST1264,Moody Eric,2348095573823,qmartinez@yahoo.com,Male,2024-03-24
CUST1265,Mccann Loretta,2348061271721,brucefrancisco@gmail.com,Male,2023-01-28
CUST1266,George Gary,2348034148004,margaret44@hotmail.com,Male,2025-06-03
CUST1267,Pope Angelica,2348021594582,estevens@fuentes.info,Male,2023-12-07
CUST1268,Clark Tina,2348054648162,joneskim@yahoo.com,Female,2022-08-20
CUST1269,Lopez Michael,2348086684568,meghanmcmahon@bailey.org,Female,2023-06-25
CUST1270,Gonzales Susan,2348061596498,tina63@perez.com,Male,2024-06-07
CUST1271,Perez Richard,2348094639988,melissajacobson@yahoo.com,Female,2025-05-04
CUST1272,Gonzalez Megan,2348015746469,hallroger@yahoo.com,Male,2023-08-21
CUST1273,King Tyler,2348051250118,garciabrian@jimenez.com,Female,2024-01-30
CUST1274,Payne Stephanie,2348018485498,hbeard@cole-farrell.info,Female,2024-05-29
CUST1275,Keller Gina,2348065864403,khart@hotmail.com,Male,2022-09-09
CUST1276,Vance Matthew,2348022842469,wreed@bell-stanley.com,Female,2023-06-14
CUST1277,Chapman Valerie,2348043739891,gmorris@yahoo.com,Female,2022-11-17
CUST1278,Lewis Joseph,2348065377624,nballard@hotmail.com,Female,2022-11-04
CUST1279,Wagner Kevin,2348018006318,robertking@hotmail.com,Male,2024-05-19
CUST1280,Diaz Dylan,2348072110987,megan65@walters.com,Male,2023-09-03
CUST1281,Lucas Benjamin,2348042280906,derek44@pierce.info,Male,2022-07-15
CUST1282,Duncan Vincent,2348072316725,tyler13@martinez.org,Male,2024-02-10
CUST1283,Rodriguez Amy,2348059066128,sylviasuarez@gmail.com,Male,2023-12-30
CUST1284,Mathews Paul,2348060038218,kevin34@gmail.com,Female,2023-02-18
CUST1285,Holloway Holly,2348047036407,robert85@neal-gill.com,Male,2025-02-17
CUST1286,Moss Jorge,2348098014684,james65@gmail.com,Female,2024-02-16
CUST1287,Burke Edward,2348032328873,staceywilson@hotmail.com,Male,2024-09-08
CUST1288,Greene Wanda,2348060051795,robertortiz@gmail.com,Male,2022-07-29
CUST1289,Davis Brian,2348025074747,thomasgomez@hotmail.com,Male,2025-04-22
CUST1290,Gordon Sarah,2348021727533,christopherpage@yahoo.com,Female,2023-01-21
CUST1291,Stewart Virginia,2348021757289,jbrown@hall.info,Female,2023-07-24
CUST1292,Camacho David,2348046685578,mirandawhite@brady.org,Male,2025-04-10
CUST1293,Hood Eric,2348095973864,qrivas@gibson-moses.org,Male,2025-04-02
CUST1294,Manning Amy,2348087210585,rossgregory@yahoo.com,Female,2022-10-31
CUST1295,Wade Marilyn,2348022684736,ygriffin@adams-burke.com,Male,2024-04-01
CUST1296,Holland Christopher,2348039242850,zmiller@yahoo.com,Male,2023-09-24
CUST1297,Hess Michael,2348025917805,wilsondorothy@hartman.com,Male,2022-10-22
CUST1298,Green Emily,2348015809144,smithdarryl@gmail.com,Female,2025-03-29
CUST1299,Lee Lisa,2348023301739,clarkdeborah@allen.net,Male,2023-04-07
CUST1300,Richards James,2348025145863,cookcurtis@hotmail.com,Male,2024-04-15
CUST1301,Henderson Leslie,2348049002238,patricia67@simpson.com,Male,2024-05-11
CUST1302,Myers Robert,2348036720922,kmarsh@hotmail.com,Male,2023-05-02
CUST1303,Ibarra Michael,2348043647023,mariakline@roman.biz,Female,2022-12-09
CUST1304,Williams Sophia,2348098864649,villegaskimberly@hotmail.com,Female,2022-11-20
CUST1305,Martinez James,2348028050706,sanchezlisa@yahoo.com,Female,2023-09-03
CUST1306,Villanueva Stephanie,2348016055696,ramoskayla@hotmail.com,Female,2024-08-26
CUST1307,Kaufman Robert,2348032787384,regina04@hotmail.com,Female,2025-01-18
CUST1308,Campbell Christopher,2348076670159,katherine20@gmail.com,Female,2024-09-30
CUST1309,Curtis David,2348055209639,chaveztonya@hotmail.com,Male,2024-12-04
CUST1310,Dawson Maria,2348094267786,brownpamela@lewis-miller.net,Male,2024-03-01
CUST1311,Washington Stephen,2348018647316,stanleyjohnson@raymond.com,Female,2025-01-04
CUST1312,Thomas Kristen,2348028311409,zunigakevin@yahoo.com,Female,2023-05-15
CUST1313,Alvarez Jennifer,2348077142220,williammurray@contreras-hernandez.com,Female,2022-10-31
CUST1314,Martinez Anita,2348081601127,bernardaimee@shaw-smith.net,Male,2023-03-21
CUST1315,White Andrew,2348051509315,hscott@gmail.com,Male,2024-10-03
CUST1316,Thomas Patricia,2348066689004,hdavid@gmail.com,Male,2023-04-25
CUST1317,Mcintyre Andrew,2348024875109,kathrynpearson@torres.info,Male,2022-10-23
CUST1318,Smith Sarah,2348012782955,carla65@hotmail.com,Male,2023-05-11
CUST1319,Nelson Eileen,2348040129725,jason95@gmail.com,Male,2025-05-24
CUST1320,Carey Michael,2348043328672,martinezmitchell@wallace.com,Female,2023-08-25
CUST1321,Gonzalez Lori,2348090293348,kaneashley@yahoo.com,Male,2023-03-06
CUST1322,Patel Johnny,2348081192277,pacedanielle@hotmail.com,Male,2022-09-03
CUST1323,Hull Amanda,2348095450010,myersmatthew@hotmail.com,Male,2022-07-24
CUST1324,Wells Susan,2348022559810,april31@harvey.org,Female,2022-12-25
CUST1325,Garcia Brian,2348026373347,melissa61@walton.org,Female,2022-07-01
CUST1326,Hicks Michael,2348053375256,ilopez@gmail.com,Male,2022-09-16
CUST1327,Cordova Zachary,2348068030164,younglori@trevino.com,Male,2025-03-06
CUST1328,Martin Shawn,2348055868216,arobinson@walker.com,Male,2024-06-30
CUST1329,Wilson Kelly,2348078909330,bradley03@mitchell.com,Female,2023-03-12
CUST1330,Allen Lisa,2348071068817,ejohns@thomas.com,Female,2023-04-08
CUST1331,Brown Laura,2348090783964,fclark@gibbs-mendez.com,Female,2024-08-13
CUST1332,Perkins Danielle,2348082287324,jeffreyharris@foster.biz,Male,2024-01-21
CUST1333,Richardson Tyler,2348016834659,cjohnson@gmail.com,Male,2023-08-01
CUST1334,Lee Cassandra,2348025695520,alan44@logan-powell.biz,Female,2024-12-01
CUST1335,Patterson Sheri,2348031746728,samuelfarrell@gmail.com,Male,2024-01-18
CUST1336,Floyd Sandra,2348018545050,ashley99@camacho.biz,Female,2022-09-21
CUST1337,Jones Sydney,2348023672496,jessekeller@gmail.com,Male,2024-05-21
CUST1338,Anderson Jamie,2348010884169,kmoore@yahoo.com,Female,2024-12-13
CUST1339,Mclaughlin Keith,2348069401906,isabella46@hotmail.com,Male,2023-03-14
CUST1340,Hill Courtney,2348047551535,wolfejennifer@gmail.com,Male,2024-07-20
CUST1341,Williams Anthony,2348048108152,zcooper@gmail.com,Male,2024-02-21
CUST1342,Jackson Andrew,2348016406597,kellynichols@jackson-powers.com,Female,2025-05-02
CUST1343,Williams Nicholas,2348029670044,nicholasallen@smith.com,Female,2023-11-20
CUST1344,Martinez Jason,2348065958370,glenn65@gmail.com,Male,2024-02-09
CUST1345,Jackson Susan,2348048868189,xgregory@hotmail.com,Male,2023-01-07
CUST1346,Gordon Janet,2348056794869,andrewblake@parker.biz,Male,2023-06-28
CUST1347,Stewart Kristin,2348055499525,swong@perez.com,Male,2023-11-29
CUST1348,Mays David,2348012546591,joelmiller@mcdonald.biz,Male,2023-03-16
CUST1349,Weiss Laura,2348025387340,fsimmons@larson-hernandez.com,Male,2023-07-19
CUST1350,Cross Nicholas,2348044619354,vbentley@yahoo.com,Male,2024-02-01
CUST1351,Curtis Sara,2348088674767,timdorsey@mccoy-rhodes.com,Male,2023-07-25
CUST1352,King Kevin,2348093312959,jessica11@hotmail.com,Male,2024-11-20
CUST1353,Quinn George,2348067977016,janegonzalez@gmail.com,Female,2024-08-03
CUST1354,Carter Nicholas,2348075629343,petersonbrenda@yahoo.com,Male,2024-07-07
CUST1355,Wood Pamela,2348012655050,shelleyortega@yahoo.com,Female,2025-01-18
CUST1356,Parks Molly,2348098562013,aaronlittle@yahoo.com,Male,2022-07-10
CUST1357,Hatfield Mercedes,2348046780435,mcarter@thomas.net,Female,2022-08-03
CUST1358,Mullins Donna,2348032076343,grahamjennifer@hickman.biz,Female,2023-08-24
CUST1359,Kent Julia,2348022840710,ostokes@yahoo.com,Male,2022-12-11
CUST1360,Whitney Luis,2348041287760,aprilguzman@gmail.com,Male,2022-11-27
CUST1361,Hill Melanie,2348095545512,troypadilla@yahoo.com,Female,2022-09-14
CUST1362,Mooney Katherine,2348059503523,rosejustin@hotmail.com,Male,2023-04-14
CUST1363,Olson Phyllis,2348054106502,lindagonzalez@smith.com,Male,2024-01-20
CUST1364,Sanchez David,2348014028892,mturner@gmail.com,Male,2025-03-25
CUST1365,May Rebekah,2348012817734,matthewsvanessa@hill-mcgee.org,Female,2023-03-23
CUST1366,Logan Alyssa,2348060231696,molinajared@merritt.com,Female,2022-06-23
CUST1367,Rowland Dominique,2348078264989,brandon84@ferguson.com,Female,2024-09-03
CUST1368,Ramirez Jessica,2348051070495,piercejorge@hotmail.com,Female,2023-02-23
CUST1369,Elliott Deborah,2348076779099,uunderwood@gray-maynard.com,Female,2022-10-13
CUST1370,Bennett Tanya,2348036393422,pattondavid@hotmail.com,Female,2023-10-04
CUST1371,Arnold Nicole,2348041369795,qvargas@gmail.com,Female,2025-05-16
CUST1372,Lindsey Wayne,2348066257000,tmeyer@gmail.com,Female,2023-10-02
CUST1373,Mitchell Sarah,2348086439010,urhodes@castillo.net,Female,2025-06-03
CUST1374,Conrad Kathryn,2348079596144,charlesfranco@gomez.com,Male,2024-01-15
CUST1375,Barry Savannah,2348051649604,kellychristina@yahoo.com,Male,2023-09-21
CUST1376,Hammond John,2348071244438,xbrooks@yahoo.com,Female,2023-03-25
CUST1377,Anderson Robert,2348065200819,martinjames@yahoo.com,Male,2025-04-13
CUST1378,Smith Gabrielle,2348043635732,russell90@castillo-campbell.com,Male,2024-04-11
CUST1379,Fuller Eduardo,2348020413322,richardhill@hickman.com,Female,2025-01-27
CUST1380,Adams Juan,2348060283960,dwright@gmail.com,Male,2022-08-17
CUST1381,Torres Collin,2348035440639,markfigueroa@paul-chapman.org,Male,2024-01-13
CUST1382,Cooper Jessica,2348019037049,bradleylee@dawson.net,Female,2023-12-06
CUST1383,Anderson Brandon,2348012368781,joysanders@patel.info,Female,2024-08-14
CUST1384,Le Jonathan,2348060432035,jeanette81@walker.com,Male,2023-09-11
CUST1385,Henson Joseph,2348079990777,svillanueva@galloway-garrett.com,Male,2023-12-19
CUST1386,Soto Michele,2348036512868,seanblair@yahoo.com,Female,2024-01-08
CUST1387,Martin Gregory,2348061193233,chadjones@gmail.com,Male,2024-05-21
CUST1388,Greene Laura,2348010561104,danielsloretta@miller.info,Female,2023-02-23
CUST1389,Barr Andrew,2348075581713,phernandez@yahoo.com,Male,2023-05-31
CUST1390,Huang Cassandra,2348096489553,mmoreno@shelton.com,Female,2025-02-09
CUST1391,Griffith Kristen,2348038122043,wilsonronald@hotmail.com,Female,2023-08-21
CUST1392,Raymond Sandra,2348070486666,idunn@hotmail.com,Male,2024-07-19
CUST1393,Mccall Brian,2348041511655,melinda24@yahoo.com,Female,2023-01-24
CUST1394,Horton Roger,2348056047075,batescharles@harrell.com,Male,2023-06-30
CUST1395,Brown Dawn,2348092993759,alexwall@vaughan.com,Female,2024-11-19
CUST1396,Daugherty Cassie,2348036182785,pwoods@sullivan.com,Male,2025-03-15
CUST1397,Browning Jacob,2348047628993,allenchristopher@cunningham.com,Female,2022-08-28
CUST1398,Mosley Wesley,2348025527644,matthewspatrick@melton.info,Male,2022-10-15
CUST1399,Williams Jennifer,2348090747752,jasonbishop@gmail.com,Male,2023-02-06
CUST1400,Cox Christopher,2348077428032,escott@hines-ramos.com,Female,2022-12-24
CUST1401,Crane Nathaniel,2348083543652,rbaker@gmail.com,Female,2025-02-03
CUST1402,Mcdonald Amanda,2348069308631,millerjessica@yahoo.com,Female,2024-04-17
CUST1403,Bowman Luke,2348068226527,zbrown@clarke-irwin.com,Female,2022-09-07
CUST1404,Savage Alicia,2348075661787,mariadavis@yahoo.com,Male,2023-11-28
CUST1405,Hoffman Patricia,2348084633131,sharpbeth@morris.com,Female,2022-07-07
CUST1406,Fowler Beth,2348014698329,julielopez@payne.com,Male,2023-05-06
CUST1407,Clayton Ronald,2348082237254,housestephen@yahoo.com,Male,2023-03-16
CUST1408,Jensen Robert,2348044987131,schultzwesley@gmail.com,Male,2025-04-17
CUST1409,Figueroa Adrian,2348091014793,williamadams@hotmail.com,Male,2023-07-30
CUST1410,Allen Teresa,2348033586265,zpoole@patterson.com,Female,2024-03-02
CUST1411,Johnson Alexander,2348044770583,montgomeryamy@armstrong.com,Male,2024-05-19
CUST1412,Rodriguez Sara,2348040704198,thomasjose@davis.com,Male,2023-05-04
CUST1413,Berger Donna,2348081458772,daughertyvictoria@cooley-greene.com,Female,2023-02-16
CUST1414,Holt David,2348066736822,fgonzalez@yahoo.com,Female,2024-10-18
CUST1415,Collins Laura,2348017717080,bandrade@hotmail.com,Male,2023-08-11
CUST1416,Matthews Kelly,2348010927505,ljohnson@yahoo.com,Female,2024-04-12
CUST1417,Pope Rachel,2348015403110,ncampbell@robinson.com,Female,2024-11-22
CUST1418,Jackson Mark,2348012839001,barbaramitchell@hotmail.com,Male,2024-11-25
CUST1419,Gallegos Robert,2348047733815,logan56@gmail.com,Female,2024-10-26
CUST1420,Petersen Dominic,2348016839113,fperez@gmail.com,Female,2024-01-09
CUST1421,Buckley Brandy,2348034394290,luishernandez@barron.info,Male,2025-04-18
CUST1422,Keller Jill,2348058504268,jonestroy@smith.info,Female,2024-02-03
CUST1423,Oliver James,2348081612882,caseyhenderson@hotmail.com,Male,2023-10-05
CUST1424,Chavez Joseph,2348018159550,ryan26@jordan.com,Female,2022-11-13
CUST1425,Wilson Patty,2348080474132,camerongarcia@gmail.com,Female,2025-02-02
CUST1426,Stevenson Melissa,2348097059725,lesliejones@cook.com,Female,2022-07-04
CUST1427,Marks Thomas,2348095135048,bradleyveronica@fox.com,Male,2022-11-07
CUST1428,Vance Kim,2348086458200,nelsonapril@hotmail.com,Male,2022-07-17
CUST1429,Shelton Rachel,2348024768716,josephshelton@yahoo.com,Male,2024-02-12
CUST1430,Thomas Erin,2348074277995,kevinroberts@yahoo.com,Male,2022-07-09
CUST1431,Mckay Jennifer,2348048499846,ryanhull@robinson-kennedy.com,Female,2023-07-06
CUST1432,Spencer Kevin,2348030162191,ashley78@bennett.com,Female,2023-01-16
CUST1433,Fisher Katelyn,2348047376435,bettywatson@hotmail.com,Male,2024-10-05
CUST1434,Rodriguez Brooke,2348061623796,dvaughn@gmail.com,Female,2024-12-09
CUST1435,Hanson James,2348042547451,hernandeznichole@davis.net,Male,2024-05-04
CUST1436,Reynolds Daisy,2348011674728,lorisandoval@hunt.net,Female,2023-04-22
CUST1437,Campbell David,2348011458621,carpenteraustin@hotmail.com,Female,2025-03-31
CUST1438,Brown Diana,2348097603904,stephen24@hotmail.com,Female,2023-09-28
CUST1439,Anderson Mario,2348051489399,bjones@hotmail.com,Male,2023-02-17
CUST1440,Wilson Melanie,2348023070100,mhines@pittman.info,Female,2024-01-22
CUST1441,Harris Lisa,2348070059776,kim98@peterson.net,Female,2024-07-24
CUST1442,Carroll David,2348076962870,wilsonjerry@hotmail.com,Female,2024-10-01
CUST1443,Frederick Vincent,2348058784400,gardnerpatricia@hotmail.com,Female,2024-06-15
CUST1444,Gould Rebecca,2348060441933,tina69@salazar.com,Female,2023-08-09
CUST1445,Williams Katie,2348091117090,jmiles@wilson.org,Male,2024-01-07
CUST1446,Jones David,2348013079321,bradley59@zamora.biz,Female,2024-06-27
CUST1447,Flores Amber,2348032083283,reedrobert@tucker.net,Female,2023-06-08
CUST1448,Brown Melissa,2348029795314,ysmith@yahoo.com,Female,2024-05-04
CUST1449,Todd Matthew,2348059694974,vpatton@gmail.com,Male,2022-12-01
CUST1450,Riddle John,2348031831471,lauren41@wise.com,Female,2024-11-18
CUST1451,Smith Benjamin,2348014380267,jlittle@gmail.com,Female,2024-03-10
CUST1452,Thomas Christine,2348065662309,dannyjohnson@hunter.net,Male,2023-06-04
CUST1453,Jones Scott,2348033315937,jameshudson@perry.com,Female,2022-07-23
CUST1454,Buck Anthony,2348030541837,william89@cooper.com,Male,2025-03-31
CUST1455,Hopkins Abigail,2348094213304,james94@gmail.com,Male,2023-11-07
CUST1456,Jones Michael,2348020242515,shanebarnes@hotmail.com,Female,2022-12-26
CUST1457,Gonzalez Hector,2348081934552,jacksonrobert@hotmail.com,Male,2024-06-13
CUST1458,Morales Angela,2348035911301,rogersmallory@yahoo.com,Male,2024-12-19
CUST1459,Watkins Mitchell,2348060192126,lflores@hotmail.com,Female,2024-12-14
CUST1460,Todd Stephanie,2348026415312,russellramirez@edwards.com,Female,2023-08-14
CUST1461,Johnson Rachel,2348036595298,freemanlynn@harris-mcmahon.org,Male,2024-04-07
CUST1462,Kaiser Jessica,2348064064349,linda31@moore-rogers.info,Male,2025-02-18
CUST1463,Johnson Cynthia,2348096046600,derrickbennett@nunez.info,Female,2023-02-05
CUST1464,Bailey Alyssa,2348045396856,mary47@robles-myers.com,Female,2024-10-06
CUST1465,Guerrero Michael,2348074787744,kimwebb@yahoo.com,Male,2025-01-03
CUST1466,Adams Jessica,2348038006066,parkerrobert@hotmail.com,Female,2023-02-28
CUST1467,Wang Angela,2348071868214,michaelgonzalez@massey.com,Male,2023-09-08
CUST1468,Turner Jerry,2348069235732,nelsondavid@rios-anderson.com,Female,2022-10-24
CUST1469,Villarreal Kristen,2348014789956,turnerstephen@gmail.com,Female,2023-07-30
CUST1470,Smith Tyler,2348010416997,kathryn17@gmail.com,Male,2024-11-28
CUST1471,Jackson Michelle,2348032914336,christopherpowell@yahoo.com,Female,2024-09-05
CUST1472,Adams Jason,2348075855518,pedwards@gmail.com,Female,2023-10-27
CUST1473,Williams Roger,2348067810328,jtaylor@ross-phillips.biz,Male,2023-09-15
CUST1474,King Steven,2348056073515,frankespinoza@yahoo.com,Male,2022-06-30
CUST1475,Cooper Alexis,2348015496631,justin69@torres.com,Female,2024-11-02
CUST1476,Jacobs Tammy,2348020833778,garylogan@gmail.com,Male,2022-11-03
CUST1477,Murphy Vincent,2348065876491,annbennett@mccarthy-kelly.net,Male,2023-10-20
CUST1478,Cline Melissa,2348013714198,jlewis@gmail.com,Male,2024-01-30
CUST1479,Johnson Joshua,2348046262253,swilliams@hotmail.com,Female,2023-07-13
CUST1480,Thornton Gregory,2348010865811,barnesmegan@ramos.com,Male,2023-10-16
CUST1481,Monroe Elizabeth,2348083379415,mandymason@adams.org,Female,2023-04-19
CUST1482,White Christopher,2348065954896,wangkristina@gmail.com,Male,2025-03-02
CUST1483,Conley Joshua,2348078859755,tiffanygreen@baker-burns.org,Male,2023-12-31
CUST1484,Arnold Julia,2348088449352,palmerjason@gmail.com,Female,2024-06-10
CUST1485,Moore Thomas,2348043619373,lopezmichael@gmail.com,Male,2024-06-09
CUST1486,Morales Billy,2348080938021,fisherkim@morales.com,Male,2024-12-28
CUST1487,Hopkins James,2348093010827,kyle23@kim.com,Male,2023-02-09
CUST1488,Mccarthy Kathryn,2348031188015,wanderson@ross.com,Male,2025-04-28
CUST1489,Bishop Karen,2348017971455,devinlopez@turner.com,Male,2024-02-01
CUST1490,Miller Gina,2348040231877,alara@flores.net,Female,2024-02-01
CUST1491,Shaw Kimberly,2348092631573,daniel26@hotmail.com,Female,2024-01-31
CUST1492,Parrish Steve,2348052161262,johnny54@daniels.com,Male,2023-12-21
CUST1493,Reed Stephen,2348042776746,uwilliams@johnson-lynch.com,Female,2024-01-29
CUST1494,Lee Jose,2348097229186,heatherwilliams@hotmail.com,Male,2024-06-18
CUST1495,Sandoval Joshua,2348098573727,colton30@hotmail.com,Male,2023-11-01
CUST1496,Flores Lynn,2348048576654,fdickerson@patel.biz,Female,2023-07-17
CUST1497,Johnson Colleen,2348015181637,annette60@hawkins-henry.com,Female,2024-01-18
CUST1498,Barnes Carol,2348084706716,crystal58@hotmail.com,Female,2024-09-19
CUST1499,Hines Diana,2348025360757,acarpenter@jenkins-fields.org,Male,2023-05-29
